{
  "project_info": {
    "project_number": "612748298621",
    "firebase_url": "https://capstoneproject-78be1-default-rtdb.firebaseio.com",
    "project_id": "capstoneproject-78be1",
    "storage_bucket": "capstoneproject-78be1.appspot.com"
  },
  "client": [
    {
      "client_info": {
        "mobilesdk_app_id": "1:612748298621:android:aced2a08a4958ae2a7e414",
        "android_client_info": {
          "package_name": "com.example.capstone"
        }
      },
      "oauth_client": [
        {
          "client_id": "612748298621-oksps515g98l4bkucb16kc6nk4usn1hu.apps.googleusercontent.com",
          "client_type": 1,
          "android_info": {
            "package_name": "com.example.capstone",
            "certificate_hash": "e6c6ff95a8f52b04fb43fb28035ae0f949d78c82"
          }
        },
        {
          "client_id": "612748298621-mubros9pusm96jke8mpajomqahr0nhl7.apps.googleusercontent.com",
          "client_type": 3
        }
      ],
      "api_key": [
        {
          "current_key": "AIzaSyBL1Fbk3CY6xp0od9e5hMGRA82ZzcsX4Bg"
        }
      ],
      "services": {
        "appinvite_service": {
          "other_platform_oauth_client": [
            {
              "client_id": "612748298621-mubros9pusm96jke8mpajomqahr0nhl7.apps.googleusercontent.com",
              "client_type": 3
            }
          ]
        }
      }
    },
    {
      "client_info": {
        "mobilesdk_app_id": "1:612748298621:android:102a75c58ce5e3f2a7e414",
        "android_client_info": {
          "package_name": "com.example.staff"
        }
      },
      "oauth_client": [
        {
          "client_id": "612748298621-mubros9pusm96jke8mpajomqahr0nhl7.apps.googleusercontent.com",
          "client_type": 3
        }
      ],
      "api_key": [
        {
          "current_key": "AIzaSyBL1Fbk3CY6xp0od9e5hMGRA82ZzcsX4Bg"
        }
      ],
      "services": {
        "appinvite_service": {
          "other_platform_oauth_client": [
            {
              "client_id": "612748298621-mubros9pusm96jke8mpajomqahr0nhl7.apps.googleusercontent.com",
              "client_type": 3
            }
          ]
        }
      }
    }
  ],
  "configuration_version": "1"
}