{
  "project_info": {
    "project_number": "612748298621",
    "project_id": "capstoneproject-78be1",
    "storage_bucket": "capstoneproject-78be1.appspot.com"
  },
  "client": [
    {
      "client_info": {
        "mobilesdk_app_id": "1:612748298621:android:aced2a08a4958ae2a7e414",
        "android_client_info": {
          "package_name": "com.example.capstone"
        }
      },
      "oauth_client": [],
      "api_key": [
        {
          "current_key": "AIzaSyBL1Fbk3CY6xp0od9e5hMGRA82ZzcsX4Bg"
        }
      ],
      "services": {
        "appinvite_service": {
          "other_platform_oauth_client": []
        }
      }
    }
  ],
  "configuration_version": "1"
}